Таблица,Вид объекта,Разделы ЦИМ,Класс IFC,Элемент,Код МССК,Раздел таблицы,№,Набор атрибутов,Набор атрибутов (как в источнике),Наименование параметра,Имя параметра IFC,Тип данных,Ед. изм.,Пример,Источник
А.1,Непроизводственного назначения,"Проектная ситуация, Благоустройство и озеленение",IfcSite,Участок застройки,,Материалы АГР,1,RusSet_AGR,RusSet_AGR,Кадастровый номер участка,RUS_LandID,Текстовый,,77:07:00000001-01,Приложение 1
А.1,Непроизводственного назначения,"Проектная ситуация, Благоустройство и озеленение",IfcSite,Участок застройки,,Материалы АГР,2,RusSet_AGR,,Площадь земельного участка,RUS_AreaSquare,Вещественный,м2,"10207,74",Приложение 1
А.2,Непроизводственного назначения,"Проектная ситуация, Покрытия, благоустройство и озеленение",IfcCivilElement,"Газон, твердые покрытия, детская площадка, площадка для отдыха взрослых",ПО ЗУ 17 20 01,Общие данные,1,RusSet_Common,RusSet_Common,Наименование,RUS_Name,Текстовый,-,Газон,Приложение 1
А.2,Непроизводственного назначения,"Проектная ситуация, Покрытия, благоустройство и озеленение",IfcCivilElement,"Газон, твердые покрытия, детская площадка, площадка для отдыха взрослых",ПО ЗУ 17 20 01,Количественные параметры,2,RusSet_Quantities,RusSet_Quantities,Площадь,RUS_Area,Вещественный,м2,4000,Приложение 1
Б.0,Непроизводственного назначения,Объемно-планировочные и архитектурные решения,IfcBuilding,Объект,,Сведения о проекте,1,RusSet_Project,RusSet_Project,Наименование проекта,RUS_ProjectName,Текстовый,-,Жилой дом,Приложение 2
Б.0,Непроизводственного назначения,Объемно-планировочные и архитектурные решения,IfcBuilding,Объект,,Сведения о проекте,2,RusSet_Project,,Адрес,RUS_BuildingAddress,Текстовый,-,"г. Москва, Проспект Мира",Приложение 2
Б.0,Непроизводственного назначения,Объемно-планировочные и архитектурные решения,IfcBuilding,Объект,,Материалы АГР,3,RusSet_AGR,RusSet_AGR,Функциональное назначение объекта,RUS_FNO,Текстовый,-,Жилое здание/Нежилое здание,Приложение 2
Б.1,Непроизводственного назначения,Объемно-планировочные и архитектурные решения,IfcBuildingElementProxy,Вспомогательное 3D-тело,"ЭЛ 30 30 10, ЭЛ 30 30 20",Общие данные,1,RusSet_Common,RusSet_Common,Код элемента МССК,RUS_MSSK_Element_Code,Текстовый,-,ЭЛ 30 30,Приложение 2
Б.1,Непроизводственного назначения,Объемно-планировочные и архитектурные решения,IfcBuildingElementProxy,Вспомогательное 3D-тело,"ЭЛ 30 30 10, ЭЛ 30 30 20",Общие данные,2,RusSet_Common,,Наименование,RUS_Name,Текстовый,-,Объем подземной части здания,Приложение 2
Б.1,Непроизводственного назначения,Объемно-планировочные и архитектурные решения,IfcBuildingElementProxy,Вспомогательное 3D-тело,"ЭЛ 30 30 10, ЭЛ 30 30 20",Общие данные,3,RusSet_Common,,Наименование элемента МССК,RUS_MSSK_Element_Name,Текстовый,-,Подземная часть здания,Приложение 2
Б.1,Непроизводственного назначения,Объемно-планировочные и архитектурные решения,IfcBuildingElementProxy,Вспомогательное 3D-тело,"ЭЛ 30 30 10, ЭЛ 30 30 20",Количественные параметры,4,RusSet_Quantities,RusSet_Quantities,Объем,RUS_Volume,Вещественный,м³,30,Приложение 2
Б.1,Непроизводственного назначения,Объемно-планировочные и архитектурные решения,IfcBuildingElementProxy,Вспомогательное 3D-тело,"ЭЛ 30 30 10, ЭЛ 30 30 20",Количественные параметры,5,RusSet_Quantities,,Высота,RUS_Height,Вещественный,мм,300,Приложение 2
Б.1,Непроизводственного назначения,Объемно-планировочные и архитектурные решения,IfcBuildingElementProxy,Вспомогательное 3D-тело,"ЭЛ 30 30 10, ЭЛ 30 30 20",Количественные параметры,6,RusSet_Quantities,,Ширина,RUS_Width,Вещественный,мм,300,Приложение 2
Б.1,Непроизводственного назначения,Объемно-планировочные и архитектурные решения,IfcBuildingElementProxy,Вспомогательное 3D-тело,"ЭЛ 30 30 10, ЭЛ 30 30 20",Количественные параметры,7,RusSet_Quantities,,Длина,RUS_Length,Вещественный,мм,"12,5",Приложение 2
Б.1,Непроизводственного назначения,Объемно-планировочные и архитектурные решения,IfcBuildingElementProxy,Вспомогательное 3D-тело,"ЭЛ 30 30 10, ЭЛ 30 30 20",Местоположение,8,RusSet_Location,RusSet_Location,Номер объекта (корпуса),RUS_Object,Текстовый,-,К01,Приложение 2
Б.1,Непроизводственного назначения,Объемно-планировочные и архитектурные решения,IfcBuildingElementProxy,Вспомогательное 3D-тело,"ЭЛ 30 30 10, ЭЛ 30 30 20",Местоположение,9,RusSet_Location,,Номер подобъекта (секции),RUS_Object_Sub,Текстовый,-,С01,Приложение 2
Б.2,Непроизводственного назначения,Объемно-планировочные и архитектурные решения,IfcSpace,Помещение,"ПЗ 30, ПЗ 30 10, ПЗ 30 20, ПЗ 30 30, ПЗ 31 01, ПЗ 31 02, ПЗ 31 03, ПЗ 31 04, ПЗ 31 05, ПЗ 31 06, ПЗ 31 07, ПЗ 31 08, ПЗ 31 09, ПЗ 31 10, ПЗ 31 12, ПЗ 31 13, ПЗ 31 14, ПЗ 31 15, ПЗ 31 16, ПЗ 31 17, ПЗ 32 10, ПЗ 32 12, ПЗ 32 13, ПЗ 32 14, ПЗ 32 15, ПЗ 32 16, ПЗ 33 10, ПЗ 33 12, ПЗ 33 13, ПЗ 33 14, ПЗ 33 15, ПЗ 33 16, ПЗ 33 17, ПЗ 33 18, ПЗ 33 19, ПЗ 33 20, ПЗ 33 21, ПЗ 33 22, ПЗ 33 23, ПЗ 33 24, ПЗ 33 25, ПЗ 33 26, ПЗ 33 27, ПЗ 33 28, ПЗ 33 29, ПЗ 33 30, ПЗ 33 31, ПЗ 33 32, ПЗ 33 33, ПЗ 34 10, ПЗ 34 12",Общие данные,1,RusSet_Common,RusSet_Common,Код помещения и зоны МССК,RUS_MSSK_SpaceAndZone_Code,Текстовый,-,ПЗ 30 20 07,Приложение 2
Б.2,Непроизводственного назначения,Объемно-планировочные и архитектурные решения,IfcSpace,Помещение,"ПЗ 30, ПЗ 30 10, ПЗ 30 20, ПЗ 30 30, ПЗ 31 01, ПЗ 31 02, ПЗ 31 03, ПЗ 31 04, ПЗ 31 05, ПЗ 31 06, ПЗ 31 07, ПЗ 31 08, ПЗ 31 09, ПЗ 31 10, ПЗ 31 12, ПЗ 31 13, ПЗ 31 14, ПЗ 31 15, ПЗ 31 16, ПЗ 31 17, ПЗ 32 10, ПЗ 32 12, ПЗ 32 13, ПЗ 32 14, ПЗ 32 15, ПЗ 32 16, ПЗ 33 10, ПЗ 33 12, ПЗ 33 13, ПЗ 33 14, ПЗ 33 15, ПЗ 33 16, ПЗ 33 17, ПЗ 33 18, ПЗ 33 19, ПЗ 33 20, ПЗ 33 21, ПЗ 33 22, ПЗ 33 23, ПЗ 33 24, ПЗ 33 25, ПЗ 33 26, ПЗ 33 27, ПЗ 33 28, ПЗ 33 29, ПЗ 33 30, ПЗ 33 31, ПЗ 33 32, ПЗ 33 33, ПЗ 34 10, ПЗ 34 12",Общие данные,2,RusSet_Common,,Наименование,RUS_Name,Текстовый,-,Кухня,Приложение 2
Б.2,Непроизводственного назначения,Объемно-планировочные и архитектурные решения,IfcSpace,Помещение,"ПЗ 30, ПЗ 30 10, ПЗ 30 20, ПЗ 30 30, ПЗ 31 01, ПЗ 31 02, ПЗ 31 03, ПЗ 31 04, ПЗ 31 05, ПЗ 31 06, ПЗ 31 07, ПЗ 31 08, ПЗ 31 09, ПЗ 31 10, ПЗ 31 12, ПЗ 31 13, ПЗ 31 14, ПЗ 31 15, ПЗ 31 16, ПЗ 31 17, ПЗ 32 10, ПЗ 32 12, ПЗ 32 13, ПЗ 32 14, ПЗ 32 15, ПЗ 32 16, ПЗ 33 10, ПЗ 33 12, ПЗ 33 13, ПЗ 33 14, ПЗ 33 15, ПЗ 33 16, ПЗ 33 17, ПЗ 33 18, ПЗ 33 19, ПЗ 33 20, ПЗ 33 21, ПЗ 33 22, ПЗ 33 23, ПЗ 33 24, ПЗ 33 25, ПЗ 33 26, ПЗ 33 27, ПЗ 33 28, ПЗ 33 29, ПЗ 33 30, ПЗ 33 31, ПЗ 33 32, ПЗ 33 33, ПЗ 34 10, ПЗ 34 12",Общие данные,3,RusSet_Common,,Наименование помещения и зоны МССК,RUS_MSSK_SpaceAndZone_Name,Текстовый,-,Кухня,Приложение 2
Б.2,Непроизводственного назначения,Объемно-планировочные и архитектурные решения,IfcSpace,Помещение,"ПЗ 30, ПЗ 30 10, ПЗ 30 20, ПЗ 30 30, ПЗ 31 01, ПЗ 31 02, ПЗ 31 03, ПЗ 31 04, ПЗ 31 05, ПЗ 31 06, ПЗ 31 07, ПЗ 31 08, ПЗ 31 09, ПЗ 31 10, ПЗ 31 12, ПЗ 31 13, ПЗ 31 14, ПЗ 31 15, ПЗ 31 16, ПЗ 31 17, ПЗ 32 10, ПЗ 32 12, ПЗ 32 13, ПЗ 32 14, ПЗ 32 15, ПЗ 32 16, ПЗ 33 10, ПЗ 33 12, ПЗ 33 13, ПЗ 33 14, ПЗ 33 15, ПЗ 33 16, ПЗ 33 17, ПЗ 33 18, ПЗ 33 19, ПЗ 33 20, ПЗ 33 21, ПЗ 33 22, ПЗ 33 23, ПЗ 33 24, ПЗ 33 25, ПЗ 33 26, ПЗ 33 27, ПЗ 33 28, ПЗ 33 29, ПЗ 33 30, ПЗ 33 31, ПЗ 33 32, ПЗ 33 33, ПЗ 34 10, ПЗ 34 12",Количественные параметры,4,RusSet_Quantities,RusSet_Quantities,Высота,RUS_Height,Вещественный,мм,3300,Приложение 2
Б.2,Непроизводственного назначения,Объемно-планировочные и архитектурные решения,IfcSpace,Помещение,"ПЗ 30, ПЗ 30 10, ПЗ 30 20, ПЗ 30 30, ПЗ 31 01, ПЗ 31 02, ПЗ 31 03, ПЗ 31 04, ПЗ 31 05, ПЗ 31 06, ПЗ 31 07, ПЗ 31 08, ПЗ 31 09, ПЗ 31 10, ПЗ 31 12, ПЗ 31 13, ПЗ 31 14, ПЗ 31 15, ПЗ 31 16, ПЗ 31 17, ПЗ 32 10, ПЗ 32 12, ПЗ 32 13, ПЗ 32 14, ПЗ 32 15, ПЗ 32 16, ПЗ 33 10, ПЗ 33 12, ПЗ 33 13, ПЗ 33 14, ПЗ 33 15, ПЗ 33 16, ПЗ 33 17, ПЗ 33 18, ПЗ 33 19, ПЗ 33 20, ПЗ 33 21, ПЗ 33 22, ПЗ 33 23, ПЗ 33 24, ПЗ 33 25, ПЗ 33 26, ПЗ 33 27, ПЗ 33 28, ПЗ 33 29, ПЗ 33 30, ПЗ 33 31, ПЗ 33 32, ПЗ 33 33, ПЗ 34 10, ПЗ 34 12",Количественные параметры,5,RusSet_Quantities,,Площадь,RUS_Area,Вещественный,м2,40,Приложение 2
Б.2,Непроизводственного назначения,Объемно-планировочные и архитектурные решения,IfcSpace,Помещение,"ПЗ 30, ПЗ 30 10, ПЗ 30 20, ПЗ 30 30, ПЗ 31 01, ПЗ 31 02, ПЗ 31 03, ПЗ 31 04, ПЗ 31 05, ПЗ 31 06, ПЗ 31 07, ПЗ 31 08, ПЗ 31 09, ПЗ 31 10, ПЗ 31 12, ПЗ 31 13, ПЗ 31 14, ПЗ 31 15, ПЗ 31 16, ПЗ 31 17, ПЗ 32 10, ПЗ 32 12, ПЗ 32 13, ПЗ 32 14, ПЗ 32 15, ПЗ 32 16, ПЗ 33 10, ПЗ 33 12, ПЗ 33 13, ПЗ 33 14, ПЗ 33 15, ПЗ 33 16, ПЗ 33 17, ПЗ 33 18, ПЗ 33 19, ПЗ 33 20, ПЗ 33 21, ПЗ 33 22, ПЗ 33 23, ПЗ 33 24, ПЗ 33 25, ПЗ 33 26, ПЗ 33 27, ПЗ 33 28, ПЗ 33 29, ПЗ 33 30, ПЗ 33 31, ПЗ 33 32, ПЗ 33 33, ПЗ 34 10, ПЗ 34 12",Количественные параметры,6,RusSet_Quantities,,Объем,RUS_Volume,Вещественный,м3,60,Приложение 2
Б.2,Непроизводственного назначения,Объемно-планировочные и архитектурные решения,IfcSpace,Помещение,"ПЗ 30, ПЗ 30 10, ПЗ 30 20, ПЗ 30 30, ПЗ 31 01, ПЗ 31 02, ПЗ 31 03, ПЗ 31 04, ПЗ 31 05, ПЗ 31 06, ПЗ 31 07, ПЗ 31 08, ПЗ 31 09, ПЗ 31 10, ПЗ 31 12, ПЗ 31 13, ПЗ 31 14, ПЗ 31 15, ПЗ 31 16, ПЗ 31 17, ПЗ 32 10, ПЗ 32 12, ПЗ 32 13, ПЗ 32 14, ПЗ 32 15, ПЗ 32 16, ПЗ 33 10, ПЗ 33 12, ПЗ 33 13, ПЗ 33 14, ПЗ 33 15, ПЗ 33 16, ПЗ 33 17, ПЗ 33 18, ПЗ 33 19, ПЗ 33 20, ПЗ 33 21, ПЗ 33 22, ПЗ 33 23, ПЗ 33 24, ПЗ 33 25, ПЗ 33 26, ПЗ 33 27, ПЗ 33 28, ПЗ 33 29, ПЗ 33 30, ПЗ 33 31, ПЗ 33 32, ПЗ 33 33, ПЗ 34 10, ПЗ 34 12",Местоположение,7,RusSet_Location,RusSet_Location,Номер объекта (корпуса),RUS_Object,Текстовый,-,К01,Приложение 2
Б.2,Непроизводственного назначения,Объемно-планировочные и архитектурные решения,IfcSpace,Помещение,"ПЗ 30, ПЗ 30 10, ПЗ 30 20, ПЗ 30 30, ПЗ 31 01, ПЗ 31 02, ПЗ 31 03, ПЗ 31 04, ПЗ 31 05, ПЗ 31 06, ПЗ 31 07, ПЗ 31 08, ПЗ 31 09, ПЗ 31 10, ПЗ 31 12, ПЗ 31 13, ПЗ 31 14, ПЗ 31 15, ПЗ 31 16, ПЗ 31 17, ПЗ 32 10, ПЗ 32 12, ПЗ 32 13, ПЗ 32 14, ПЗ 32 15, ПЗ 32 16, ПЗ 33 10, ПЗ 33 12, ПЗ 33 13, ПЗ 33 14, ПЗ 33 15, ПЗ 33 16, ПЗ 33 17, ПЗ 33 18, ПЗ 33 19, ПЗ 33 20, ПЗ 33 21, ПЗ 33 22, ПЗ 33 23, ПЗ 33 24, ПЗ 33 25, ПЗ 33 26, ПЗ 33 27, ПЗ 33 28, ПЗ 33 29, ПЗ 33 30, ПЗ 33 31, ПЗ 33 32, ПЗ 33 33, ПЗ 34 10, ПЗ 34 12",Местоположение,8,RusSet_Location,,Номер подобъекта (секции),RUS_Object_Sub,Текстовый,-,С01,Приложение 2
Б.2,Непроизводственного назначения,Объемно-планировочные и архитектурные решения,IfcSpace,Помещение,"ПЗ 30, ПЗ 30 10, ПЗ 30 20, ПЗ 30 30, ПЗ 31 01, ПЗ 31 02, ПЗ 31 03, ПЗ 31 04, ПЗ 31 05, ПЗ 31 06, ПЗ 31 07, ПЗ 31 08, ПЗ 31 09, ПЗ 31 10, ПЗ 31 12, ПЗ 31 13, ПЗ 31 14, ПЗ 31 15, ПЗ 31 16, ПЗ 31 17, ПЗ 32 10, ПЗ 32 12, ПЗ 32 13, ПЗ 32 14, ПЗ 32 15, ПЗ 32 16, ПЗ 33 10, ПЗ 33 12, ПЗ 33 13, ПЗ 33 14, ПЗ 33 15, ПЗ 33 16, ПЗ 33 17, ПЗ 33 18, ПЗ 33 19, ПЗ 33 20, ПЗ 33 21, ПЗ 33 22, ПЗ 33 23, ПЗ 33 24, ПЗ 33 25, ПЗ 33 26, ПЗ 33 27, ПЗ 33 28, ПЗ 33 29, ПЗ 33 30, ПЗ 33 31, ПЗ 33 32, ПЗ 33 33, ПЗ 34 10, ПЗ 34 12",Идентификация,9,RusSet_Identification,RusSet_Identification,Категория функциональной зоны,RUS_Zone,Текстовый,-,Жилая зона,Приложение 2
Б.2,Непроизводственного назначения,Объемно-планировочные и архитектурные решения,IfcSpace,Помещение,"ПЗ 30, ПЗ 30 10, ПЗ 30 20, ПЗ 30 30, ПЗ 31 01, ПЗ 31 02, ПЗ 31 03, ПЗ 31 04, ПЗ 31 05, ПЗ 31 06, ПЗ 31 07, ПЗ 31 08, ПЗ 31 09, ПЗ 31 10, ПЗ 31 12, ПЗ 31 13, ПЗ 31 14, ПЗ 31 15, ПЗ 31 16, ПЗ 31 17, ПЗ 32 10, ПЗ 32 12, ПЗ 32 13, ПЗ 32 14, ПЗ 32 15, ПЗ 32 16, ПЗ 33 10, ПЗ 33 12, ПЗ 33 13, ПЗ 33 14, ПЗ 33 15, ПЗ 33 16, ПЗ 33 17, ПЗ 33 18, ПЗ 33 19, ПЗ 33 20, ПЗ 33 21, ПЗ 33 22, ПЗ 33 23, ПЗ 33 24, ПЗ 33 25, ПЗ 33 26, ПЗ 33 27, ПЗ 33 28, ПЗ 33 29, ПЗ 33 30, ПЗ 33 31, ПЗ 33 32, ПЗ 33 33, ПЗ 34 10, ПЗ 34 12",Идентификация,10,RusSet_Identification,,Группа помещений,RUS_Group_Type,Текстовый,-,Квартира,Приложение 2
Б.2,Непроизводственного назначения,Объемно-планировочные и архитектурные решения,IfcSpace,Помещение,"ПЗ 30, ПЗ 30 10, ПЗ 30 20, ПЗ 30 30, ПЗ 31 01, ПЗ 31 02, ПЗ 31 03, ПЗ 31 04, ПЗ 31 05, ПЗ 31 06, ПЗ 31 07, ПЗ 31 08, ПЗ 31 09, ПЗ 31 10, ПЗ 31 12, ПЗ 31 13, ПЗ 31 14, ПЗ 31 15, ПЗ 31 16, ПЗ 31 17, ПЗ 32 10, ПЗ 32 12, ПЗ 32 13, ПЗ 32 14, ПЗ 32 15, ПЗ 32 16, ПЗ 33 10, ПЗ 33 12, ПЗ 33 13, ПЗ 33 14, ПЗ 33 15, ПЗ 33 16, ПЗ 33 17, ПЗ 33 18, ПЗ 33 19, ПЗ 33 20, ПЗ 33 21, ПЗ 33 22, ПЗ 33 23, ПЗ 33 24, ПЗ 33 25, ПЗ 33 26, ПЗ 33 27, ПЗ 33 28, ПЗ 33 29, ПЗ 33 30, ПЗ 33 31, ПЗ 33 32, ПЗ 33 33, ПЗ 34 10, ПЗ 34 12",Идентификация,11,RusSet_Identification,,Номер группы помещений,RUS_Group_Number,Текстовый,-,12,Приложение 2
Б.2,Непроизводственного назначения,Объемно-планировочные и архитектурные решения,IfcSpace,Помещение,"ПЗ 30, ПЗ 30 10, ПЗ 30 20, ПЗ 30 30, ПЗ 31 01, ПЗ 31 02, ПЗ 31 03, ПЗ 31 04, ПЗ 31 05, ПЗ 31 06, ПЗ 31 07, ПЗ 31 08, ПЗ 31 09, ПЗ 31 10, ПЗ 31 12, ПЗ 31 13, ПЗ 31 14, ПЗ 31 15, ПЗ 31 16, ПЗ 31 17, ПЗ 32 10, ПЗ 32 12, ПЗ 32 13, ПЗ 32 14, ПЗ 32 15, ПЗ 32 16, ПЗ 33 10, ПЗ 33 12, ПЗ 33 13, ПЗ 33 14, ПЗ 33 15, ПЗ 33 16, ПЗ 33 17, ПЗ 33 18, ПЗ 33 19, ПЗ 33 20, ПЗ 33 21, ПЗ 33 22, ПЗ 33 23, ПЗ 33 24, ПЗ 33 25, ПЗ 33 26, ПЗ 33 27, ПЗ 33 28, ПЗ 33 29, ПЗ 33 30, ПЗ 33 31, ПЗ 33 32, ПЗ 33 33, ПЗ 34 10, ПЗ 34 12",Идентификация,12,RusSet_Identification,,Номер помещения,RUS_Number,Текстовый,-,1,Приложение 2
Б.2,Непроизводственного назначения,Объемно-планировочные и архитектурные решения,IfcSpace,Помещение,"ПЗ 30, ПЗ 30 10, ПЗ 30 20, ПЗ 30 30, ПЗ 31 01, ПЗ 31 02, ПЗ 31 03, ПЗ 31 04, ПЗ 31 05, ПЗ 31 06, ПЗ 31 07, ПЗ 31 08, ПЗ 31 09, ПЗ 31 10, ПЗ 31 12, ПЗ 31 13, ПЗ 31 14, ПЗ 31 15, ПЗ 31 16, ПЗ 31 17, ПЗ 32 10, ПЗ 32 12, ПЗ 32 13, ПЗ 32 14, ПЗ 32 15, ПЗ 32 16, ПЗ 33 10, ПЗ 33 12, ПЗ 33 13, ПЗ 33 14, ПЗ 33 15, ПЗ 33 16, ПЗ 33 17, ПЗ 33 18, ПЗ 33 19, ПЗ 33 20, ПЗ 33 21, ПЗ 33 22, ПЗ 33 23, ПЗ 33 24, ПЗ 33 25, ПЗ 33 26, ПЗ 33 27, ПЗ 33 28, ПЗ 33 29, ПЗ 33 30, ПЗ 33 31, ПЗ 33 32, ПЗ 33 33, ПЗ 34 10, ПЗ 34 12",Материалы АГР,14,RusSet_AGR,RusSet_AGR,Подземный этаж,RUS_BasementFloor,Булевый,-,да/нет,Приложение 2
Б.2,Непроизводственного назначения,Объемно-планировочные и архитектурные решения,IfcSpace,Помещение,"ПЗ 30, ПЗ 30 10, ПЗ 30 20, ПЗ 30 30, ПЗ 31 01, ПЗ 31 02, ПЗ 31 03, ПЗ 31 04, ПЗ 31 05, ПЗ 31 06, ПЗ 31 07, ПЗ 31 08, ПЗ 31 09, ПЗ 31 10, ПЗ 31 12, ПЗ 31 13, ПЗ 31 14, ПЗ 31 15, ПЗ 31 16, ПЗ 31 17, ПЗ 32 10, ПЗ 32 12, ПЗ 32 13, ПЗ 32 14, ПЗ 32 15, ПЗ 32 16, ПЗ 33 10, ПЗ 33 12, ПЗ 33 13, ПЗ 33 14, ПЗ 33 15, ПЗ 33 16, ПЗ 33 17, ПЗ 33 18, ПЗ 33 19, ПЗ 33 20, ПЗ 33 21, ПЗ 33 22, ПЗ 33 23, ПЗ 33 24, ПЗ 33 25, ПЗ 33 26, ПЗ 33 27, ПЗ 33 28, ПЗ 33 29, ПЗ 33 30, ПЗ 33 31, ПЗ 33 32, ПЗ 33 33, ПЗ 34 10, ПЗ 34 12",Материалы АГР,15,RusSet_AGR,,Плавающая высотная отметка уровня,RUS_GroundFloor,Булевый,-,да/нет,Приложение 2
Б.2,Непроизводственного назначения,Объемно-планировочные и архитектурные решения,IfcSpace,Помещение,"ПЗ 30, ПЗ 30 10, ПЗ 30 20, ПЗ 30 30, ПЗ 31 01, ПЗ 31 02, ПЗ 31 03, ПЗ 31 04, ПЗ 31 05, ПЗ 31 06, ПЗ 31 07, ПЗ 31 08, ПЗ 31 09, ПЗ 31 10, ПЗ 31 12, ПЗ 31 13, ПЗ 31 14, ПЗ 31 15, ПЗ 31 16, ПЗ 31 17, ПЗ 32 10, ПЗ 32 12, ПЗ 32 13, ПЗ 32 14, ПЗ 32 15, ПЗ 32 16, ПЗ 33 10, ПЗ 33 12, ПЗ 33 13, ПЗ 33 14, ПЗ 33 15, ПЗ 33 16, ПЗ 33 17, ПЗ 33 18, ПЗ 33 19, ПЗ 33 20, ПЗ 33 21, ПЗ 33 22, ПЗ 33 23, ПЗ 33 24, ПЗ 33 25, ПЗ 33 26, ПЗ 33 27, ПЗ 33 28, ПЗ 33 29, ПЗ 33 30, ПЗ 33 31, ПЗ 33 32, ПЗ 33 33, ПЗ 34 10, ПЗ 34 12",Материалы АГР,16,RusSet_AGR,,Студия (тип квартиры),RUS_StudioApart,Булевый,-,да/нет,Приложение 2
Б.3.1,Непроизводственного назначения,Объемно-планировочные и архитектурные решения,IfcSpace,Зона (СПП в ГНС),,Общие данные,1,RusSet_Common,RusSet_Common,Код помещения и зоны МССК,RUS_MSSK_SpaceAndZone_Code,Текстовый,-,-,Приложение 2
Б.3.1,Непроизводственного назначения,Объемно-планировочные и архитектурные решения,IfcSpace,Зона (СПП в ГНС),,Общие данные,2,RusSet_Common,,Наименование,RUS_Name,Текстовый,-,СПП в ГНС,Приложение 2
Б.3.1,Непроизводственного назначения,Объемно-планировочные и архитектурные решения,IfcSpace,Зона (СПП в ГНС),,Общие данные,3,RusSet_Common,,Наименование помещения и зоны МССК,RUS_MSSK_SpaceAndZone_Name,Текстовый,-,-,Приложение 2
Б.3.1,Непроизводственного назначения,Объемно-планировочные и архитектурные решения,IfcSpace,Зона (СПП в ГНС),,Количественные параметры,4,RusSet_Quantities,RusSet_Quantities,Высота,RUS_Height,Вещественный,мм,3300,Приложение 2
Б.3.1,Непроизводственного назначения,Объемно-планировочные и архитектурные решения,IfcSpace,Зона (СПП в ГНС),,Количественные параметры,5,RusSet_Quantities,,Площадь,RUS_Area,Вещественный,м2,40,Приложение 2
Б.3.1,Непроизводственного назначения,Объемно-планировочные и архитектурные решения,IfcSpace,Зона (СПП в ГНС),,Количественные параметры,6,RusSet_Quantities,,Объем,RUS_Volume,Вещественный,м3,60,Приложение 2
Б.3.1,Непроизводственного назначения,Объемно-планировочные и архитектурные решения,IfcSpace,Зона (СПП в ГНС),,Местоположение,7,RusSet_Location,RusSet_Location,Номер объекта (корпуса),RUS_Object,Текстовый,-,К01,Приложение 2
Б.3.1,Непроизводственного назначения,Объемно-планировочные и архитектурные решения,IfcSpace,Зона (СПП в ГНС),,Местоположение,8,RusSet_Location,,Номер подобъекта (секции),RUS_Object_Sub,Текстовый,-,С01,Приложение 2
Б.3.1,Непроизводственного назначения,Объемно-планировочные и архитектурные решения,IfcSpace,Зона (СПП в ГНС),,Идентификация,9,RusSet_Identification,RusSet_Identification,Категория функциональной зоны,RUS_Zone,Текстовый,-,СПП в ГНС,Приложение 2
Б.3.1,Непроизводственного назначения,Объемно-планировочные и архитектурные решения,IfcSpace,Зона (СПП в ГНС),,Материалы АГР,10,RusSet_AGR,RusSet_AGR,Подземный этаж,RUS_BasementFloor,Булевый,-,да/нет,Приложение 2
Б.3.1,Непроизводственного назначения,Объемно-планировочные и архитектурные решения,IfcSpace,Зона (СПП в ГНС),,Материалы АГР,11,RusSet_AGR,,Плавающая высотная отметка уровня,RUS_GroundFloor,Булевый,-,да/нет,Приложение 2
Б.3.1,Непроизводственного назначения,Объемно-планировочные и архитектурные решения,IfcSpace,Зона (СПП в ГНС),,Материалы АГР,12,RusSet_AGR,,Жилая зона,RUS_ResidentalRoom,Булевый,-,да/нет,Приложение 2
Б.3.2,Непроизводственного назначения,Объемно-планировочные и архитектурные решения,IfcSpace,Зона (Общая площадь),ПЗ 03,Общие данные,1,RusSet_Common,RusSet_Common,Код помещения и зоны МССК,RUS_MSSK_SpaceAndZone_Code,Текстовый,-,ПЗ 03,Приложение 2
Б.3.2,Непроизводственного назначения,Объемно-планировочные и архитектурные решения,IfcSpace,Зона (Общая площадь),ПЗ 03,Общие данные,2,RusSet_Common,,Наименование,RUS_Name,Текстовый,-,Общая площадь,Приложение 2
Б.3.2,Непроизводственного назначения,Объемно-планировочные и архитектурные решения,IfcSpace,Зона (Общая площадь),ПЗ 03,Общие данные,3,RusSet_Common,,Наименование помещения и зоны МССК,RUS_MSSK_SpaceAndZone_Name,Текстовый,-,Общая площадь,Приложение 2
Б.3.2,Непроизводственного назначения,Объемно-планировочные и архитектурные решения,IfcSpace,Зона (Общая площадь),ПЗ 03,Количественные параметры,4,RusSet_Quantities,RusSet_Quantities,Высота,RUS_Height,Вещественный,мм,3300,Приложение 2
Б.3.2,Непроизводственного назначения,Объемно-планировочные и архитектурные решения,IfcSpace,Зона (Общая площадь),ПЗ 03,Количественные параметры,5,RusSet_Quantities,,Площадь,RUS_Area,Вещественный,м2,40,Приложение 2
Б.3.2,Непроизводственного назначения,Объемно-планировочные и архитектурные решения,IfcSpace,Зона (Общая площадь),ПЗ 03,Количественные параметры,6,RusSet_Quantities,,Объем,RUS_Volume,Вещественный,м3,60,Приложение 2
Б.3.2,Непроизводственного назначения,Объемно-планировочные и архитектурные решения,IfcSpace,Зона (Общая площадь),ПЗ 03,Местоположение,7,RusSet_Location,RusSet_Location,Номер объекта (корпуса),RUS_Object,Текстовый,-,К01,Приложение 2
Б.3.2,Непроизводственного назначения,Объемно-планировочные и архитектурные решения,IfcSpace,Зона (Общая площадь),ПЗ 03,Местоположение,8,RusSet_Location,,Номер подобъекта (секции),RUS_Object_Sub,Текстовый,-,С01,Приложение 2
Б.3.2,Непроизводственного назначения,Объемно-планировочные и архитектурные решения,IfcSpace,Зона (Общая площадь),ПЗ 03,Идентификация,9,RusSet_Identification,RusSet_Identification,Категория функциональной зоны,RUS_Zone,Текстовый,-,Общая площадь,Приложение 2
Б.3.2,Непроизводственного назначения,Объемно-планировочные и архитектурные решения,IfcSpace,Зона (Общая площадь),ПЗ 03,Материалы АГР,10,RusSet_AGR,RusSet_AGR,Подземный этаж,RUS_BasementFloor,Булевый,-,да/нет,Приложение 2
Б.3.2,Непроизводственного назначения,Объемно-планировочные и архитектурные решения,IfcSpace,Зона (Общая площадь),ПЗ 03,Материалы АГР,11,RusSet_AGR,,Плавающая высотная отметка уровня,RUS_GroundFloor,Булевый,-,да/нет,Приложение 2
Б.3.2,Непроизводственного назначения,Объемно-планировочные и архитектурные решения,IfcSpace,Зона (Общая площадь),ПЗ 03,Материалы АГР,12,RusSet_AGR,,Жилая зона,RUS_ResidentalRoom,Булевый,-,да/нет,Приложение 2
Б.4,Непроизводственного назначения,Объемно-планировочные и архитектурные решения,IfcWall,"Стена, перегородка","ЭЛ 20 20 06, ЭЛ 30 10 15, ЭЛ 30 10 20, ЭЛ 30 10 36, ЭЛ 30 10 75, ЭЛ 30 10 76, ЭЛ 30 10 77, ЭЛ 30 10 78, ЭЛ 30 10 79, ЭЛ 30 16 77, ЭЛ 30 16 78",Общие данные,1,RusSet_Common,RusSet_Common,Код элемента МССК,RUS_MSSK_Element_Code,Текстовый,-,ЭЛ 30 10 20,Приложение 2
Б.4,Непроизводственного назначения,Объемно-планировочные и архитектурные решения,IfcWall,"Стена, перегородка","ЭЛ 20 20 06, ЭЛ 30 10 15, ЭЛ 30 10 20, ЭЛ 30 10 36, ЭЛ 30 10 75, ЭЛ 30 10 76, ЭЛ 30 10 77, ЭЛ 30 10 78, ЭЛ 30 10 79, ЭЛ 30 16 77, ЭЛ 30 16 78",Общие данные,2,RusSet_Common,,Наименование,RUS_Name,Текстовый,-,Перегородка,Приложение 2
Б.4,Непроизводственного назначения,Объемно-планировочные и архитектурные решения,IfcWall,"Стена, перегородка","ЭЛ 20 20 06, ЭЛ 30 10 15, ЭЛ 30 10 20, ЭЛ 30 10 36, ЭЛ 30 10 75, ЭЛ 30 10 76, ЭЛ 30 10 77, ЭЛ 30 10 78, ЭЛ 30 10 79, ЭЛ 30 16 77, ЭЛ 30 16 78",Общие данные,3,RusSet_Common,,Наименование элемента МССК,RUS_MSSK_Element_Name,Текстовый,-,Перегородка,Приложение 2
Б.4,Непроизводственного назначения,Объемно-планировочные и архитектурные решения,IfcWall,"Стена, перегородка","ЭЛ 20 20 06, ЭЛ 30 10 15, ЭЛ 30 10 20, ЭЛ 30 10 36, ЭЛ 30 10 75, ЭЛ 30 10 76, ЭЛ 30 10 77, ЭЛ 30 10 78, ЭЛ 30 10 79, ЭЛ 30 16 77, ЭЛ 30 16 78",Количественные параметры,4,RusSet_Quantities,RusSet_Quantities,Длина,RUS_Length,Вещественный,мм,2100,Приложение 2
Б.4,Непроизводственного назначения,Объемно-планировочные и архитектурные решения,IfcWall,"Стена, перегородка","ЭЛ 20 20 06, ЭЛ 30 10 15, ЭЛ 30 10 20, ЭЛ 30 10 36, ЭЛ 30 10 75, ЭЛ 30 10 76, ЭЛ 30 10 77, ЭЛ 30 10 78, ЭЛ 30 10 79, ЭЛ 30 16 77, ЭЛ 30 16 78",Количественные параметры,5,RusSet_Quantities,,Толщина,RUS_Thickness,Вещественный,мм,150,Приложение 2
Б.4,Непроизводственного назначения,Объемно-планировочные и архитектурные решения,IfcWall,"Стена, перегородка","ЭЛ 20 20 06, ЭЛ 30 10 15, ЭЛ 30 10 20, ЭЛ 30 10 36, ЭЛ 30 10 75, ЭЛ 30 10 76, ЭЛ 30 10 77, ЭЛ 30 10 78, ЭЛ 30 10 79, ЭЛ 30 16 77, ЭЛ 30 16 78",Количественные параметры,6,RusSet_Quantities,,Высота,RUS_Height,Вещественный,мм,3300,Приложение 2
Б.4,Непроизводственного назначения,Объемно-планировочные и архитектурные решения,IfcWall,"Стена, перегородка","ЭЛ 20 20 06, ЭЛ 30 10 15, ЭЛ 30 10 20, ЭЛ 30 10 36, ЭЛ 30 10 75, ЭЛ 30 10 76, ЭЛ 30 10 77, ЭЛ 30 10 78, ЭЛ 30 10 79, ЭЛ 30 16 77, ЭЛ 30 16 78",Количественные параметры,7,RusSet_Quantities,,Объем,RUS_Volume,Вещественный,м3,0.7,Приложение 2
Б.4,Непроизводственного назначения,Объемно-планировочные и архитектурные решения,IfcWall,"Стена, перегородка","ЭЛ 20 20 06, ЭЛ 30 10 15, ЭЛ 30 10 20, ЭЛ 30 10 36, ЭЛ 30 10 75, ЭЛ 30 10 76, ЭЛ 30 10 77, ЭЛ 30 10 78, ЭЛ 30 10 79, ЭЛ 30 16 77, ЭЛ 30 16 78",Местоположение,8,RusSet_Location,RusSet_Location,Номер объекта (корпуса),RUS_Object,Текстовый,-,К01,Приложение 2
Б.4,Непроизводственного назначения,Объемно-планировочные и архитектурные решения,IfcWall,"Стена, перегородка","ЭЛ 20 20 06, ЭЛ 30 10 15, ЭЛ 30 10 20, ЭЛ 30 10 36, ЭЛ 30 10 75, ЭЛ 30 10 76, ЭЛ 30 10 77, ЭЛ 30 10 78, ЭЛ 30 10 79, ЭЛ 30 16 77, ЭЛ 30 16 78",Местоположение,9,RusSet_Location,,Номер подобъекта (секции),RUS_Object_Sub,Текстовый,-,С01,Приложение 2
Б.5,Непроизводственного назначения,Объемно-планировочные и архитектурные решения,IfcColumn,"Колонна, пилястра","ЭЛ 30 16 15, ЭЛ 30 16 25, ЭЛ 30 16 40, ЭЛ 30 16 42, ЭЛ 30 16 50, ЭЛ 30 16 51",Общие данные,1,RusSet_Common,RusSet_Common,Код элемента МССК,RUS_MSSK_Element_Code,Текстовый,-,ЭЛ 30 16 51,Приложение 2
Б.5,Непроизводственного назначения,Объемно-планировочные и архитектурные решения,IfcColumn,"Колонна, пилястра","ЭЛ 30 16 15, ЭЛ 30 16 25, ЭЛ 30 16 40, ЭЛ 30 16 42, ЭЛ 30 16 50, ЭЛ 30 16 51",Общие данные,2,RusSet_Common,,Наименование,RUS_Name,Текстовый,-,Пилястра,Приложение 2
Б.5,Непроизводственного назначения,Объемно-планировочные и архитектурные решения,IfcColumn,"Колонна, пилястра","ЭЛ 30 16 15, ЭЛ 30 16 25, ЭЛ 30 16 40, ЭЛ 30 16 42, ЭЛ 30 16 50, ЭЛ 30 16 51",Общие данные,3,RusSet_Common,,Наименование элемента МССК,RUS_MSSK_Element_Name,Текстовый,-,Пилястра,Приложение 2
Б.5,Непроизводственного назначения,Объемно-планировочные и архитектурные решения,IfcColumn,"Колонна, пилястра","ЭЛ 30 16 15, ЭЛ 30 16 25, ЭЛ 30 16 40, ЭЛ 30 16 42, ЭЛ 30 16 50, ЭЛ 30 16 51",Количественные параметры,4,RusSet_Quantities,RusSet_Quantities,Длина,RUS_Length,Вещественный,мм,2100,Приложение 2
Б.5,Непроизводственного назначения,Объемно-планировочные и архитектурные решения,IfcColumn,"Колонна, пилястра","ЭЛ 30 16 15, ЭЛ 30 16 25, ЭЛ 30 16 40, ЭЛ 30 16 42, ЭЛ 30 16 50, ЭЛ 30 16 51",Количественные параметры,5,RusSet_Quantities,,Ширина,RUS_Width,Вещественный,мм,150,Приложение 2
Б.5,Непроизводственного назначения,Объемно-планировочные и архитектурные решения,IfcColumn,"Колонна, пилястра","ЭЛ 30 16 15, ЭЛ 30 16 25, ЭЛ 30 16 40, ЭЛ 30 16 42, ЭЛ 30 16 50, ЭЛ 30 16 51",Количественные параметры,6,RusSet_Quantities,,Высота,RUS_Height,Вещественный,мм,600,Приложение 2
Б.5,Непроизводственного назначения,Объемно-планировочные и архитектурные решения,IfcColumn,"Колонна, пилястра","ЭЛ 30 16 15, ЭЛ 30 16 25, ЭЛ 30 16 40, ЭЛ 30 16 42, ЭЛ 30 16 50, ЭЛ 30 16 51",Количественные параметры,7,RusSet_Quantities,,Диаметр,RUS_Diametr,Вещественный,мм,300,Приложение 2
Б.5,Непроизводственного назначения,Объемно-планировочные и архитектурные решения,IfcColumn,"Колонна, пилястра","ЭЛ 30 16 15, ЭЛ 30 16 25, ЭЛ 30 16 40, ЭЛ 30 16 42, ЭЛ 30 16 50, ЭЛ 30 16 51",Количественные параметры,8,RusSet_Quantities,,Объем,RUS_Volume,Вещественный,м3,0.7,Приложение 2
Б.5,Непроизводственного назначения,Объемно-планировочные и архитектурные решения,IfcColumn,"Колонна, пилястра","ЭЛ 30 16 15, ЭЛ 30 16 25, ЭЛ 30 16 40, ЭЛ 30 16 42, ЭЛ 30 16 50, ЭЛ 30 16 51",Местоположение,9,RusSet_Location,RusSet_Location,Номер объекта (корпуса),RUS_Object,Текстовый,-,К01,Приложение 2
Б.5,Непроизводственного назначения,Объемно-планировочные и архитектурные решения,IfcColumn,"Колонна, пилястра","ЭЛ 30 16 15, ЭЛ 30 16 25, ЭЛ 30 16 40, ЭЛ 30 16 42, ЭЛ 30 16 50, ЭЛ 30 16 51",Местоположение,10,RusSet_Location,,Номер подобъекта (секции),RUS_Object_Sub,Текстовый,-,С01,Приложение 2
Б.6,Непроизводственного назначения,Объемно-планировочные и архитектурные решения,IfcStair,Лестница,"ЭЛ 30 24 30, ЭЛ 30 24 35",Общие данные,1,RusSet_Common,RusSet_Common,Код элемента МССК,RUS_MSSK_Element_Code,Текстовый,-,ЭЛ 30 24 30,Приложение 2
Б.6,Непроизводственного назначения,Объемно-планировочные и архитектурные решения,IfcStair,Лестница,"ЭЛ 30 24 30, ЭЛ 30 24 35",Общие данные,2,RusSet_Common,,Наименование,RUS_Name,Текстовый,-,Лестница монолитная,Приложение 2
Б.6,Непроизводственного назначения,Объемно-планировочные и архитектурные решения,IfcStair,Лестница,"ЭЛ 30 24 30, ЭЛ 30 24 35",Общие данные,3,RusSet_Common,,Наименование элемента МССК,RUS_MSSK_Element_Name,Текстовый,-,Лестница,Приложение 2
Б.6,Непроизводственного назначения,Объемно-планировочные и архитектурные решения,IfcStair,Лестница,"ЭЛ 30 24 30, ЭЛ 30 24 35",Количественные параметры,4,RusSet_Quantities,RusSet_Quantities,Ширина,RUS_Width,Вещественный,мм,2100,Приложение 2
Б.6,Непроизводственного назначения,Объемно-планировочные и архитектурные решения,IfcStair,Лестница,"ЭЛ 30 24 30, ЭЛ 30 24 35",Количественные параметры,5,RusSet_Quantities,,Высота,RUS_Height,Вещественный,мм,3300,Приложение 2
Б.6,Непроизводственного назначения,Объемно-планировочные и архитектурные решения,IfcStair,Лестница,"ЭЛ 30 24 30, ЭЛ 30 24 35",Местоположение,6,RusSet_Location,RusSet_Location,Номер объекта (корпуса),RUS_Object,Текстовый,-,К01,Приложение 2
Б.6,Непроизводственного назначения,Объемно-планировочные и архитектурные решения,IfcStair,Лестница,"ЭЛ 30 24 30, ЭЛ 30 24 35",Местоположение,7,RusSet_Location,,Номер подобъекта (секции),RUS_Object_Sub,Текстовый,-,С01,Приложение 2
Б.7,Непроизводственного назначения,Объемно-планировочные и архитектурные решения,IfcRamp,"Пандус, рампа","ЭЛ 30 24 40, ЭЛ 30 24 60",Общие данные,1,RusSet_Common,RusSet_Common,Код элемента МССК,RUS_MSSK_Element_Code,Текстовый,-,ЭЛ 30 24 40,Приложение 2
Б.7,Непроизводственного назначения,Объемно-планировочные и архитектурные решения,IfcRamp,"Пандус, рампа","ЭЛ 30 24 40, ЭЛ 30 24 60",Общие данные,2,RusSet_Common,,Наименование,RUS_Name,Текстовый,-,Пандус монолитная,Приложение 2
Б.7,Непроизводственного назначения,Объемно-планировочные и архитектурные решения,IfcRamp,"Пандус, рампа","ЭЛ 30 24 40, ЭЛ 30 24 60",Общие данные,3,RusSet_Common,,Наименование элемента МССК,RUS_MSSK_Element_Name,Текстовый,-,Пандус,Приложение 2
Б.7,Непроизводственного назначения,Объемно-планировочные и архитектурные решения,IfcRamp,"Пандус, рампа","ЭЛ 30 24 40, ЭЛ 30 24 60",Количественные параметры,4,RusSet_Quantities,RusSet_Quantities,Уклон,RUS_Slope,Вещественный,˚,20,Приложение 2
Б.7,Непроизводственного назначения,Объемно-планировочные и архитектурные решения,IfcRamp,"Пандус, рампа","ЭЛ 30 24 40, ЭЛ 30 24 60",Количественные параметры,5,RusSet_Quantities,,Ширина,RUS_Width,Вещественный,мм,2100,Приложение 2
Б.7,Непроизводственного назначения,Объемно-планировочные и архитектурные решения,IfcRamp,"Пандус, рампа","ЭЛ 30 24 40, ЭЛ 30 24 60",Количественные параметры,6,RusSet_Quantities,,Высота,RUS_Height,Вещественный,мм,3300,Приложение 2
Б.7,Непроизводственного назначения,Объемно-планировочные и архитектурные решения,IfcRamp,"Пандус, рампа","ЭЛ 30 24 40, ЭЛ 30 24 60",Местоположение,7,RusSet_Location,RusSet_Location,Номер объекта (корпуса),RUS_Object,Текстовый,-,К01,Приложение 2
Б.7,Непроизводственного назначения,Объемно-планировочные и архитектурные решения,IfcRamp,"Пандус, рампа","ЭЛ 30 24 40, ЭЛ 30 24 60",Местоположение,8,RusSet_Location,,Номер подобъекта (секции),RUS_Object_Sub,Текстовый,-,С01,Приложение 2
Б.8,Непроизводственного назначения,Объемно-планировочные и архитектурные решения,IfcSlab,Перекрытие,"ЭЛ 30 10 40, ЭЛ 30 10 56, ЭЛ 30 10 57, ЭЛ 30 10 58, ЭЛ 30 10 80, ЭЛ 30 16 25, ЭЛ 30 24 20, ЭЛ 30 24 50, ЭЛ 30 24 51, ЭЛ 60 20 13",Общие данные,1,RusSet_Common,RusSet_Common,Код элемента МССК,RUS_MSSK_Element_Code,Текстовый,-,ЭЛ 30 10 40,Приложение 2
Б.8,Непроизводственного назначения,Объемно-планировочные и архитектурные решения,IfcSlab,Перекрытие,"ЭЛ 30 10 40, ЭЛ 30 10 56, ЭЛ 30 10 57, ЭЛ 30 10 58, ЭЛ 30 10 80, ЭЛ 30 16 25, ЭЛ 30 24 20, ЭЛ 30 24 50, ЭЛ 30 24 51, ЭЛ 60 20 13",Общие данные,2,RusSet_Common,,Наименование,RUS_Name,Текстовый,-,Перекрытие монолитное,Приложение 2
Б.8,Непроизводственного назначения,Объемно-планировочные и архитектурные решения,IfcSlab,Перекрытие,"ЭЛ 30 10 40, ЭЛ 30 10 56, ЭЛ 30 10 57, ЭЛ 30 10 58, ЭЛ 30 10 80, ЭЛ 30 16 25, ЭЛ 30 24 20, ЭЛ 30 24 50, ЭЛ 30 24 51, ЭЛ 60 20 13",Общие данные,3,RusSet_Common,,Наименование элемента МССК,RUS_MSSK_Element_Name,Текстовый,-,Перекрытие,Приложение 2
Б.8,Непроизводственного назначения,Объемно-планировочные и архитектурные решения,IfcSlab,Перекрытие,"ЭЛ 30 10 40, ЭЛ 30 10 56, ЭЛ 30 10 57, ЭЛ 30 10 58, ЭЛ 30 10 80, ЭЛ 30 16 25, ЭЛ 30 24 20, ЭЛ 30 24 50, ЭЛ 30 24 51, ЭЛ 60 20 13",Количественные параметры,4,RusSet_Quantities,RusSet_Quantities,Толщина,RUS_Thickness,Вещественный,мм,150,Приложение 2
Б.8,Непроизводственного назначения,Объемно-планировочные и архитектурные решения,IfcSlab,Перекрытие,"ЭЛ 30 10 40, ЭЛ 30 10 56, ЭЛ 30 10 57, ЭЛ 30 10 58, ЭЛ 30 10 80, ЭЛ 30 16 25, ЭЛ 30 24 20, ЭЛ 30 24 50, ЭЛ 30 24 51, ЭЛ 60 20 13",Количественные параметры,5,RusSet_Quantities,,Длина,RUS_Length,Вещественный,мм,21000,Приложение 2
Б.8,Непроизводственного назначения,Объемно-планировочные и архитектурные решения,IfcSlab,Перекрытие,"ЭЛ 30 10 40, ЭЛ 30 10 56, ЭЛ 30 10 57, ЭЛ 30 10 58, ЭЛ 30 10 80, ЭЛ 30 16 25, ЭЛ 30 24 20, ЭЛ 30 24 50, ЭЛ 30 24 51, ЭЛ 60 20 13",Количественные параметры,6,RusSet_Quantities,,Объем,RUS_Volume,Вещественный,м3,20,Приложение 2
Б.8,Непроизводственного назначения,Объемно-планировочные и архитектурные решения,IfcSlab,Перекрытие,"ЭЛ 30 10 40, ЭЛ 30 10 56, ЭЛ 30 10 57, ЭЛ 30 10 58, ЭЛ 30 10 80, ЭЛ 30 16 25, ЭЛ 30 24 20, ЭЛ 30 24 50, ЭЛ 30 24 51, ЭЛ 60 20 13",Количественные параметры,7,RusSet_Quantities,,Ширина,RUS_Width,Вещественный,мм,10100,Приложение 2
Б.8,Непроизводственного назначения,Объемно-планировочные и архитектурные решения,IfcSlab,Перекрытие,"ЭЛ 30 10 40, ЭЛ 30 10 56, ЭЛ 30 10 57, ЭЛ 30 10 58, ЭЛ 30 10 80, ЭЛ 30 16 25, ЭЛ 30 24 20, ЭЛ 30 24 50, ЭЛ 30 24 51, ЭЛ 60 20 13",Местоположение,8,RusSet_Location,RusSet_Location,Номер объекта (корпуса),RUS_Object,Текстовый,-,К01,Приложение 2
Б.8,Непроизводственного назначения,Объемно-планировочные и архитектурные решения,IfcSlab,Перекрытие,"ЭЛ 30 10 40, ЭЛ 30 10 56, ЭЛ 30 10 57, ЭЛ 30 10 58, ЭЛ 30 10 80, ЭЛ 30 16 25, ЭЛ 30 24 20, ЭЛ 30 24 50, ЭЛ 30 24 51, ЭЛ 60 20 13",Местоположение,9,RusSet_Location,,Номер подобъекта (секции),RUS_Object_Sub,Текстовый,-,С01,Приложение 2
Б.9,Непроизводственного назначения,Объемно-планировочные и архитектурные решения,IfcWindow,"Окно, балконный блок, остекление витража","ЭЛ 20 30 24, ЭЛ 30 18 09, ЭЛ 30 18 40, ЭЛ 30 18 52, ЭЛ 30 18 52 10",Общие данные,1,RusSet_Common,RusSet_Common,Код элемента МССК,RUS_MSSK_Element_Code,Текстовый,-,ЭЛ 30 18 40,Приложение 2
Б.9,Непроизводственного назначения,Объемно-планировочные и архитектурные решения,IfcWindow,"Окно, балконный блок, остекление витража","ЭЛ 20 30 24, ЭЛ 30 18 09, ЭЛ 30 18 40, ЭЛ 30 18 52, ЭЛ 30 18 52 10",Общие данные,2,RusSet_Common,,Код материала МССК,RUS_MSSK_Material_Code,Текстовый,-,СТ 10 17 20 10,Приложение 2
Б.9,Непроизводственного назначения,Объемно-планировочные и архитектурные решения,IfcWindow,"Окно, балконный блок, остекление витража","ЭЛ 20 30 24, ЭЛ 30 18 09, ЭЛ 30 18 40, ЭЛ 30 18 52, ЭЛ 30 18 52 10",Общие данные,3,RusSet_Common,,Наименование,RUS_Name,Текстовый,-,Окно,Приложение 2
Б.9,Непроизводственного назначения,Объемно-планировочные и архитектурные решения,IfcWindow,"Окно, балконный блок, остекление витража","ЭЛ 20 30 24, ЭЛ 30 18 09, ЭЛ 30 18 40, ЭЛ 30 18 52, ЭЛ 30 18 52 10",Общие данные,4,RusSet_Common,,Наименование элемента МССК,RUS_MSSK_Element_Name,Текстовый,-,Окно,Приложение 2
Б.9,Непроизводственного назначения,Объемно-планировочные и архитектурные решения,IfcWindow,"Окно, балконный блок, остекление витража","ЭЛ 20 30 24, ЭЛ 30 18 09, ЭЛ 30 18 40, ЭЛ 30 18 52, ЭЛ 30 18 52 10",Общие данные,5,RusSet_Common,,Наименование материала МССК,RUS_MSSK_Material_Name,Текстовый,-,Алюминий,Приложение 2
Б.9,Непроизводственного назначения,Объемно-планировочные и архитектурные решения,IfcWindow,"Окно, балконный блок, остекление витража","ЭЛ 20 30 24, ЭЛ 30 18 09, ЭЛ 30 18 40, ЭЛ 30 18 52, ЭЛ 30 18 52 10",Количественные параметры,6,RusSet_Quantities,RusSet_Quantities,Ширина,RUS_Width,Вещественный,мм,1000,Приложение 2
Б.9,Непроизводственного назначения,Объемно-планировочные и архитектурные решения,IfcWindow,"Окно, балконный блок, остекление витража","ЭЛ 20 30 24, ЭЛ 30 18 09, ЭЛ 30 18 40, ЭЛ 30 18 52, ЭЛ 30 18 52 10",Количественные параметры,7,RusSet_Quantities,,Высота,RUS_Height,Вещественный,мм,2100,Приложение 2
Б.9,Непроизводственного назначения,Объемно-планировочные и архитектурные решения,IfcWindow,"Окно, балконный блок, остекление витража","ЭЛ 20 30 24, ЭЛ 30 18 09, ЭЛ 30 18 40, ЭЛ 30 18 52, ЭЛ 30 18 52 10",Количественные параметры,8,RusSet_Quantities,,Высота подоконника,RUS_SillHeight,Вещественный,мм,900,Приложение 2
Б.9,Непроизводственного назначения,Объемно-планировочные и архитектурные решения,IfcWindow,"Окно, балконный блок, остекление витража","ЭЛ 20 30 24, ЭЛ 30 18 09, ЭЛ 30 18 40, ЭЛ 30 18 52, ЭЛ 30 18 52 10",Количественные параметры,9,RusSet_Quantities,,Площадь остекления,RUS_GlazingArea,Вещественный,м2,20,Приложение 2
Б.9,Непроизводственного назначения,Объемно-планировочные и архитектурные решения,IfcWindow,"Окно, балконный блок, остекление витража","ЭЛ 20 30 24, ЭЛ 30 18 09, ЭЛ 30 18 40, ЭЛ 30 18 52, ЭЛ 30 18 52 10",Местоположение,10,RusSet_Location,RusSet_Location,Номер объекта (корпуса),RUS_Object,Текстовый,-,К01,Приложение 2
Б.9,Непроизводственного назначения,Объемно-планировочные и архитектурные решения,IfcWindow,"Окно, балконный блок, остекление витража","ЭЛ 20 30 24, ЭЛ 30 18 09, ЭЛ 30 18 40, ЭЛ 30 18 52, ЭЛ 30 18 52 10",Местоположение,11,RusSet_Location,,Номер подобъекта (секции),RUS_Object_Sub,Текстовый,-,С01,Приложение 2
Б.10,Непроизводственного назначения,Объемно-планировочные и архитектурные решения,IfcDoor,"Дверь, ворота, люк","ЭЛ 30 18 20, ЭЛ 30 18 20 01, ЭЛ 30 18 20 02, ЭЛ 30 18 30, ЭЛ 30 18 30 10, ЭЛ 30 18 30 20, ЭЛ 30 18 30 30, ЭЛ 30 18 30 31, ЭЛ 30 18 50, ЭЛ 30 18 50 10, ЭЛ 30 18 50 20, ЭЛ 35 01 01, ЭЛ 35 01 02, ЭЛ 40 50 27 06",Общие данные,1,RusSet_Common,RusSet_Common,Код элемента МССК,RUS_MSSK_Element_Code,Текстовый,-,ЭЛ 30 18 30,Приложение 2
Б.10,Непроизводственного назначения,Объемно-планировочные и архитектурные решения,IfcDoor,"Дверь, ворота, люк","ЭЛ 30 18 20, ЭЛ 30 18 20 01, ЭЛ 30 18 20 02, ЭЛ 30 18 30, ЭЛ 30 18 30 10, ЭЛ 30 18 30 20, ЭЛ 30 18 30 30, ЭЛ 30 18 30 31, ЭЛ 30 18 50, ЭЛ 30 18 50 10, ЭЛ 30 18 50 20, ЭЛ 35 01 01, ЭЛ 35 01 02, ЭЛ 40 50 27 06",Общие данные,2,RusSet_Common,,Код материала МССК,RUS_MSSK_Material_Code,Текстовый,-,СТ 10 17 20 10,Приложение 2
Б.10,Непроизводственного назначения,Объемно-планировочные и архитектурные решения,IfcDoor,"Дверь, ворота, люк","ЭЛ 30 18 20, ЭЛ 30 18 20 01, ЭЛ 30 18 20 02, ЭЛ 30 18 30, ЭЛ 30 18 30 10, ЭЛ 30 18 30 20, ЭЛ 30 18 30 30, ЭЛ 30 18 30 31, ЭЛ 30 18 50, ЭЛ 30 18 50 10, ЭЛ 30 18 50 20, ЭЛ 35 01 01, ЭЛ 35 01 02, ЭЛ 40 50 27 06",Общие данные,3,RusSet_Common,,Наименование,RUS_Name,Текстовый,-,Ворота,Приложение 2
Б.10,Непроизводственного назначения,Объемно-планировочные и архитектурные решения,IfcDoor,"Дверь, ворота, люк","ЭЛ 30 18 20, ЭЛ 30 18 20 01, ЭЛ 30 18 20 02, ЭЛ 30 18 30, ЭЛ 30 18 30 10, ЭЛ 30 18 30 20, ЭЛ 30 18 30 30, ЭЛ 30 18 30 31, ЭЛ 30 18 50, ЭЛ 30 18 50 10, ЭЛ 30 18 50 20, ЭЛ 35 01 01, ЭЛ 35 01 02, ЭЛ 40 50 27 06",Общие данные,4,RusSet_Common,,Наименование элемента МССК,RUS_MSSK_Element_Name,Текстовый,-,Дверь,Приложение 2
Б.10,Непроизводственного назначения,Объемно-планировочные и архитектурные решения,IfcDoor,"Дверь, ворота, люк","ЭЛ 30 18 20, ЭЛ 30 18 20 01, ЭЛ 30 18 20 02, ЭЛ 30 18 30, ЭЛ 30 18 30 10, ЭЛ 30 18 30 20, ЭЛ 30 18 30 30, ЭЛ 30 18 30 31, ЭЛ 30 18 50, ЭЛ 30 18 50 10, ЭЛ 30 18 50 20, ЭЛ 35 01 01, ЭЛ 35 01 02, ЭЛ 40 50 27 06",Общие данные,5,RusSet_Common,,Наименование материала МССК,RUS_MSSK_Material_Name,Текстовый,-,Алюминий,Приложение 2
Б.10,Непроизводственного назначения,Объемно-планировочные и архитектурные решения,IfcDoor,"Дверь, ворота, люк","ЭЛ 30 18 20, ЭЛ 30 18 20 01, ЭЛ 30 18 20 02, ЭЛ 30 18 30, ЭЛ 30 18 30 10, ЭЛ 30 18 30 20, ЭЛ 30 18 30 30, ЭЛ 30 18 30 31, ЭЛ 30 18 50, ЭЛ 30 18 50 10, ЭЛ 30 18 50 20, ЭЛ 35 01 01, ЭЛ 35 01 02, ЭЛ 40 50 27 06",Количественные параметры,6,RusSet_Quantities,RusSet_Quantities,Ширина,RUS_Width,Вещественный,мм,1000,Приложение 2
Б.10,Непроизводственного назначения,Объемно-планировочные и архитектурные решения,IfcDoor,"Дверь, ворота, люк","ЭЛ 30 18 20, ЭЛ 30 18 20 01, ЭЛ 30 18 20 02, ЭЛ 30 18 30, ЭЛ 30 18 30 10, ЭЛ 30 18 30 20, ЭЛ 30 18 30 30, ЭЛ 30 18 30 31, ЭЛ 30 18 50, ЭЛ 30 18 50 10, ЭЛ 30 18 50 20, ЭЛ 35 01 01, ЭЛ 35 01 02, ЭЛ 40 50 27 06",Количественные параметры,7,RusSet_Quantities,,Высота,RUS_Height,Вещественный,мм,2100,Приложение 2
Б.10,Непроизводственного назначения,Объемно-планировочные и архитектурные решения,IfcDoor,"Дверь, ворота, люк","ЭЛ 30 18 20, ЭЛ 30 18 20 01, ЭЛ 30 18 20 02, ЭЛ 30 18 30, ЭЛ 30 18 30 10, ЭЛ 30 18 30 20, ЭЛ 30 18 30 30, ЭЛ 30 18 30 31, ЭЛ 30 18 50, ЭЛ 30 18 50 10, ЭЛ 30 18 50 20, ЭЛ 35 01 01, ЭЛ 35 01 02, ЭЛ 40 50 27 06",Местоположение,8,RusSet_Location,RusSet_Location,Номер объекта (корпуса),RUS_Object,Текстовый,-,К01,Приложение 2
Б.10,Непроизводственного назначения,Объемно-планировочные и архитектурные решения,IfcDoor,"Дверь, ворота, люк","ЭЛ 30 18 20, ЭЛ 30 18 20 01, ЭЛ 30 18 20 02, ЭЛ 30 18 30, ЭЛ 30 18 30 10, ЭЛ 30 18 30 20, ЭЛ 30 18 30 30, ЭЛ 30 18 30 31, ЭЛ 30 18 50, ЭЛ 30 18 50 10, ЭЛ 30 18 50 20, ЭЛ 35 01 01, ЭЛ 35 01 02, ЭЛ 40 50 27 06",Местоположение,9,RusSet_Location,,Номер подобъекта (секции),RUS_Object_Sub,Текстовый,-,С01,Приложение 2
Б.11,Непроизводственного назначения,Объемно-планировочные и архитектурные решения,IfcCurtainWall,Фасад,"ЭЛ 30 10 10, ЭЛ 30 10 35, ЭЛ 30 10 60, ЭЛ 30 10 61",Общие данные,1,RusSet_Common,RusSet_Common,Код элемента МССК,RUS_MSSK_Element_Code,Текстовый,-,ЭЛ 30 10 10,Приложение 2
Б.11,Непроизводственного назначения,Объемно-планировочные и архитектурные решения,IfcCurtainWall,Фасад,"ЭЛ 30 10 10, ЭЛ 30 10 35, ЭЛ 30 10 60, ЭЛ 30 10 61",Общие данные,2,RusSet_Common,,Код материала МССК,RUSS_MSSK_Material_Code,Текстовый,-,СТ 00 70,Приложение 2
Б.11,Непроизводственного назначения,Объемно-планировочные и архитектурные решения,IfcCurtainWall,Фасад,"ЭЛ 30 10 10, ЭЛ 30 10 35, ЭЛ 30 10 60, ЭЛ 30 10 61",Общие данные,3,RusSet_Common,,Наименование,RUS_Name,Текстовый,-,Керамогранит тип 3,Приложение 2
Б.11,Непроизводственного назначения,Объемно-планировочные и архитектурные решения,IfcCurtainWall,Фасад,"ЭЛ 30 10 10, ЭЛ 30 10 35, ЭЛ 30 10 60, ЭЛ 30 10 61",Общие данные,4,RusSet_Common,,Наименование материала МССК,RUS_MSSK_Materialt_Name,Текстовый,-,Стекло,Приложение 2
Б.11,Непроизводственного назначения,Объемно-планировочные и архитектурные решения,IfcCurtainWall,Фасад,"ЭЛ 30 10 10, ЭЛ 30 10 35, ЭЛ 30 10 60, ЭЛ 30 10 61",Общие данные,5,RusSet_Common,,Наименование элемента МССК,RUS_MSSK_Element_Name,Текстовый,-,Витраж,Приложение 2
Б.11,Непроизводственного назначения,Объемно-планировочные и архитектурные решения,IfcCurtainWall,Фасад,"ЭЛ 30 10 10, ЭЛ 30 10 35, ЭЛ 30 10 60, ЭЛ 30 10 61",Количественные параметры,6,RusSet_Quantities,RusSet_Quantities,Ширина,RUS_Width,Вещественный,мм,70,Приложение 2
Б.11,Непроизводственного назначения,Объемно-планировочные и архитектурные решения,IfcCurtainWall,Фасад,"ЭЛ 30 10 10, ЭЛ 30 10 35, ЭЛ 30 10 60, ЭЛ 30 10 61",Количественные параметры,7,RusSet_Quantities,,Толщина,RUS_Thickness,Вещественный,мм,150,Приложение 2
Б.11,Непроизводственного назначения,Объемно-планировочные и архитектурные решения,IfcCurtainWall,Фасад,"ЭЛ 30 10 10, ЭЛ 30 10 35, ЭЛ 30 10 60, ЭЛ 30 10 61",Количественные параметры,8,RusSet_Quantities,,Высота,RUS_Height,Вещественный,мм,2700,Приложение 2
Б.11,Непроизводственного назначения,Объемно-планировочные и архитектурные решения,IfcCurtainWall,Фасад,"ЭЛ 30 10 10, ЭЛ 30 10 35, ЭЛ 30 10 60, ЭЛ 30 10 61",Количественные параметры,9,RusSet_Quantities,,Площадь,RUS_Area,Вещественный,м2,"7,02",Приложение 2
Б.11,Непроизводственного назначения,Объемно-планировочные и архитектурные решения,IfcCurtainWall,Фасад,"ЭЛ 30 10 10, ЭЛ 30 10 35, ЭЛ 30 10 60, ЭЛ 30 10 61",Местоположение,10,RusSet_Location,RusSet_Location,Номер объекта (корпуса),RUS_Object,Текстовый,-,К01,Приложение 2
Б.11,Непроизводственного назначения,Объемно-планировочные и архитектурные решения,IfcCurtainWall,Фасад,"ЭЛ 30 10 10, ЭЛ 30 10 35, ЭЛ 30 10 60, ЭЛ 30 10 61",Местоположение,11,RusSet_Location,,Номер подобъекта (секции),RUS_Object_Sub,Текстовый,-,С01,Приложение 2
Б.12,Непроизводственного назначения,Объемно-планировочные и архитектурные решения,IfcMember,Импост витражной системы (навесного фасада),"ЭЛ 30 10 10 20, ЭЛ 30 10 61 02",Общие данные,1,RusSet_Common,RusSet_Common,Код элемента МССК,RUS_MSSK_Element_Code,Текстовый,-,ЭЛ 30 10 10 20,Приложение 2
Б.12,Непроизводственного назначения,Объемно-планировочные и архитектурные решения,IfcMember,Импост витражной системы (навесного фасада),"ЭЛ 30 10 10 20, ЭЛ 30 10 61 02",Общие данные,2,RusSet_Common,,Код материала МССК,RUS_MSSK_Material_Code,Текстовый,-,СТ 00 80,Приложение 2
Б.12,Непроизводственного назначения,Объемно-планировочные и архитектурные решения,IfcMember,Импост витражной системы (навесного фасада),"ЭЛ 30 10 10 20, ЭЛ 30 10 61 02",Общие данные,3,RusSet_Common,,Наименование,RUS_Name,Текстовый,-,Импост витражной системы,Приложение 2
Б.12,Непроизводственного назначения,Объемно-планировочные и архитектурные решения,IfcMember,Импост витражной системы (навесного фасада),"ЭЛ 30 10 10 20, ЭЛ 30 10 61 02",Общие данные,4,RusSet_Common,,Наименование материала МССК,RUS_MSSK_Material_Name,Текстовый,-,Пластмасса,Приложение 2
Б.12,Непроизводственного назначения,Объемно-планировочные и архитектурные решения,IfcMember,Импост витражной системы (навесного фасада),"ЭЛ 30 10 10 20, ЭЛ 30 10 61 02",Количественные параметры,5,RusSet_Quantities,RusSet_Quantities,Длина,RUS_Length,Вещественный,мм,1000,Приложение 2
Б.12,Непроизводственного назначения,Объемно-планировочные и архитектурные решения,IfcMember,Импост витражной системы (навесного фасада),"ЭЛ 30 10 10 20, ЭЛ 30 10 61 02",Количественные параметры,6,RusSet_Quantities,,Масса,RUS_Weight,Вещественный,кг,5,Приложение 2
Б.12,Непроизводственного назначения,Объемно-планировочные и архитектурные решения,IfcMember,Импост витражной системы (навесного фасада),"ЭЛ 30 10 10 20, ЭЛ 30 10 61 02",Местоположение,7,RusSet_Location,RusSet_Location,Номер объекта (корпуса),RUS_Object,Текстовый,-,К01,Приложение 2
Б.12,Непроизводственного назначения,Объемно-планировочные и архитектурные решения,IfcMember,Импост витражной системы (навесного фасада),"ЭЛ 30 10 10 20, ЭЛ 30 10 61 02",Местоположение,8,RusSet_Location,,Номер подобъекта (секции),RUS_Object_Sub,Текстовый,-,С01,Приложение 2
Б.13,Непроизводственного назначения,Объемно-планировочные и архитектурные решения,IfcPlate,Панель витражной системы (навесного фасада),,Общие данные,1,RusSet_Common,RusSet_Common,Код элемента МССК,RUS_MSSK_Element_Code,Текстовый,-,ЭЛ 30 10 10 10,Приложение 2
Б.13,Непроизводственного назначения,Объемно-планировочные и архитектурные решения,IfcPlate,Панель витражной системы (навесного фасада),,Общие данные,2,RusSet_Common,,Код материала МССК,RUS_MSSK_Material_Code,Текстовый,-,СТ 00 80,Приложение 2
Б.13,Непроизводственного назначения,Объемно-планировочные и архитектурные решения,IfcPlate,Панель витражной системы (навесного фасада),,Общие данные,3,RusSet_Common,,Наименование,RUS_Name,Текстовый,-,Панель витражной системы,Приложение 2
Б.13,Непроизводственного назначения,Объемно-планировочные и архитектурные решения,IfcPlate,Панель витражной системы (навесного фасада),,Общие данные,4,RusSet_Common,,Наименование материала МССК,RUS_MSSK_Material_Name,Текстовый,-,Пластмасса,Приложение 2
Б.13,Непроизводственного назначения,Объемно-планировочные и архитектурные решения,IfcPlate,Панель витражной системы (навесного фасада),,Общие данные,5,RusSet_Common,,Наименование элемента МССК,RUS_MSSK_Element_Name,Текстовый,-,Панель витражной систем,Приложение 2
Б.13,Непроизводственного назначения,Объемно-планировочные и архитектурные решения,IfcPlate,Панель витражной системы (навесного фасада),,Количественные параметры,6,RusSet_Quantities,RusSet_Quantities,Ширина,RUS_Width,Вещественный,мм,70,Приложение 2
Б.13,Непроизводственного назначения,Объемно-планировочные и архитектурные решения,IfcPlate,Панель витражной системы (навесного фасада),,Количественные параметры,7,RusSet_Quantities,,Толщина,RUS_Thickness,Вещественный,мм,150,Приложение 2
Б.13,Непроизводственного назначения,Объемно-планировочные и архитектурные решения,IfcPlate,Панель витражной системы (навесного фасада),,Количественные параметры,8,RusSet_Quantities,,Высота,RUS_Height,Вещественный,мм,2700,Приложение 2
Б.13,Непроизводственного назначения,Объемно-планировочные и архитектурные решения,IfcPlate,Панель витражной системы (навесного фасада),,Количественные параметры,9,RusSet_Quantities,,Площадь,RUS_Area,Вещественный,м2,"7,02",Приложение 2
Б.13,Непроизводственного назначения,Объемно-планировочные и архитектурные решения,IfcPlate,Панель витражной системы (навесного фасада),,Местоположение,10,RusSet_Location,RusSet_Location,Номер объекта (корпуса),RUS_Object,Текстовый,-,К01,Приложение 2
Б.13,Непроизводственного назначения,Объемно-планировочные и архитектурные решения,IfcPlate,Панель витражной системы (навесного фасада),,Местоположение,11,RusSet_Location,,Номер подобъекта (секции),RUS_Object_Sub,Текстовый,-,С01,Приложение 2
